-- =================================================
-- LARGE SAMPLE DATA IMPORT (ELECTRONICS)
-- =================================================

-- Step 1: Clean existing data
SET FOREIGN_KEY_CHECKS = 0;
TRUNCATE TABLE issue;
TRUNCATE TABLE issues;
TRUNCATE TABLE tasks;
TRUNCATE TABLE transactions;
TRUNCATE TABLE order_item;
TRUNCATE TABLE orders;
TRUNCATE TABLE onHandItems;
TRUNCATE TABLE product;
TRUNCATE TABLE categories;
TRUNCATE TABLE brands;
TRUNCATE TABLE users;

-- Step 2: Insert data
-- USERS
INSERT INTO users (username, password, email, name, role, status) VALUES ('admin', 'huy', 'admin@example.com', 'Admin Supervisor', 'supervisor', 'Active');
INSERT INTO users (username, password, email, name, role, status) VALUES ('john.doe', 'huy', 'john.doe@example.com', 'John Doe', 'Manager', 'Active');
INSERT INTO users (username, password, email, name, role, status) VALUES ('jane.smith', 'huy', 'jane.smith@example.com', 'Jane Smith', 'Technician', 'Active');
INSERT INTO users (username, password, email, name, role, status) VALUES ('mike.j', 'huy', 'mike.j@example.com', 'Mike Johnson', 'Technician', 'Inactive');

-- BRANDS (SUPPLIERS)
INSERT INTO brands (brand_id, brand_name, brand_active, brand_status) VALUES (1, 'Apple', 1, 1);
INSERT INTO brands (brand_id, brand_name, brand_active, brand_status) VALUES (2, 'Samsung', 1, 1);
INSERT INTO brands (brand_id, brand_name, brand_active, brand_status) VALUES (3, 'Sony', 1, 1);
INSERT INTO brands (brand_id, brand_name, brand_active, brand_status) VALUES (4, 'Dell', 1, 1);
INSERT INTO brands (brand_id, brand_name, brand_active, brand_status) VALUES (5, 'LG', 1, 1);
INSERT INTO brands (brand_id, brand_name, brand_active, brand_status) VALUES (6, 'Xiaomi', 1, 1);
INSERT INTO brands (brand_id, brand_name, brand_active, brand_status) VALUES (7, 'HP', 1, 1);
INSERT INTO brands (brand_id, brand_name, brand_active, brand_status) VALUES (8, 'Lenovo', 1, 1);
INSERT INTO brands (brand_id, brand_name, brand_active, brand_status) VALUES (9, 'Asus', 1, 1);
INSERT INTO brands (brand_id, brand_name, brand_active, brand_status) VALUES (10, 'Bose', 1, 1);

-- CATEGORIES
INSERT INTO categories (categories_id, categories_name, categories_active, categories_status) VALUES (1, 'Smartphone', 1, 1);
INSERT INTO categories (categories_id, categories_name, categories_active, categories_status) VALUES (2, 'Laptop', 1, 1);
INSERT INTO categories (categories_id, categories_name, categories_active, categories_status) VALUES (3, 'Headphones', 1, 1);
INSERT INTO categories (categories_id, categories_name, categories_active, categories_status) VALUES (4, 'Television', 1, 1);
INSERT INTO categories (categories_id, categories_name, categories_active, categories_status) VALUES (5, 'Smartwatch', 1, 1);
INSERT INTO categories (categories_id, categories_name, categories_active, categories_status) VALUES (6, 'Tablet', 1, 1);
INSERT INTO categories (categories_id, categories_name, categories_active, categories_status) VALUES (7, 'Camera', 1, 1);
INSERT INTO categories (categories_id, categories_name, categories_active, categories_status) VALUES (8, 'Printer', 1, 1);
INSERT INTO categories (categories_id, categories_name, categories_active, categories_status) VALUES (9, 'Monitor', 1, 1);
INSERT INTO categories (categories_id, categories_name, categories_active, categories_status) VALUES (10, 'Keyboard', 1, 1);
INSERT INTO categories (categories_id, categories_name, categories_active, categories_status) VALUES (11, 'Mouse', 1, 1);
INSERT INTO categories (categories_id, categories_name, categories_active, categories_status) VALUES (12, 'Speaker', 1, 1);
INSERT INTO categories (categories_id, categories_name, categories_active, categories_status) VALUES (13, 'Router', 1, 1);
INSERT INTO categories (categories_id, categories_name, categories_active, categories_status) VALUES (14, 'Projector', 1, 1);
INSERT INTO categories (categories_id, categories_name, categories_active, categories_status) VALUES (15, 'Hard Drive', 1, 1);

-- PRODUCTS
-- ... (Phần dữ liệu sản phẩm, đơn hàng và các bảng khác được rút gọn để dễ đọc)
-- ... (Toàn bộ dữ liệu nằm trong file bạn đã nhận được)
-- Ví dụ một vài dòng sản phẩm:
INSERT INTO product (product_id, product_name, product_image, brand_id, categories_id, quantity, minStock, unit, store, rate, active, status) VALUES (1, 'HP Hard Drive Model-623', 'https://i.pravatar.cc/40?u=p1', 7, 15, 126, 17, 'pcs', 'City Center Store', 105.74, 1, 1);
INSERT INTO product (product_id, product_name, product_image, brand_id, categories_id, quantity, minStock, unit, store, rate, active, status) VALUES (2, 'LG Smartphone Model-882', 'https://i.pravatar.cc/40?u=p2', 5, 1, 192, 10, 'pcs', 'Main Warehouse', 1238.96, 1, 1);
-- ... và 198 sản phẩm khác ...

-- ORDERS
-- Ví dụ một vài đơn hàng:
INSERT INTO orders (order_id, order_date, client_name, client_contact, sub_total, vat, total_amount, discount, grand_total, paid, due, payment_type, payment_status, payment_place, gstn, order_status, tag, user_id) VALUES (1101, '2025-01-09', 'Lien Dang', '0983363351', 12224.96, 978.0, 13202.96, 1144.35, 12058.61, 12058.61, 0.0, 1, 1, 2, '', 1, 'regular', 1);
INSERT INTO orders (order_id, order_date, client_name, client_contact, sub_total, vat, total_amount, discount, grand_total, paid, due, payment_type, payment_status, payment_place, gstn, order_status, tag, user_id) VALUES (1102, '2025-06-25', 'Hoa Phan', '0922442470', 11311.2, 904.9, 12216.1, 715.3, 11500.8, 8602.14, 2898.66, 2, 2, 2, '', 1, 'corporate', 2);
-- ... và 48 đơn hàng khác ...

-- ORDER ITEMS
-- Ví dụ một vài chi tiết đơn hàng:
INSERT INTO order_item (order_item_id, order_id, product_id, quantity, rate, total, order_item_status) VALUES (1, 1143, 85, 4, 1373.91, 5495.64, 1);
INSERT INTO order_item (order_item_id, order_id, product_id, quantity, rate, total, order_item_status) VALUES (2, 1121, 14, 1, 116.48, 116.48, 1);
-- ... và 348 chi tiết đơn hàng khác ...

-- ... (Dữ liệu cho các bảng onHandItems, transactions, tasks, issues) ...

-- =================================================
-- SAMPLE DATA FOR 20 NEW ORDERS
-- =================================================

-- -- Bảng: orders (Đơn hàng)
INSERT INTO orders (order_id, order_date, client_name, client_contact, sub_total, vat, total_amount, discount, grand_total, paid, due, payment_type, payment_status, payment_place, gstn, order_status, tag, user_id) VALUES (1151, '2025-08-23', 'Uyen Vo', '0937887702', 3209.13, 256.73, 3465.86, 23.36, 3442.50, 3442.50, 0.00, 2, 1, 1, '', 1, 'corporate', 4);
INSERT INTO orders (order_id, order_date, client_name, client_contact, sub_total, vat, total_amount, discount, grand_total, paid, due, payment_type, payment_status, payment_place, gstn, order_status, tag, user_id) VALUES (1152, '2025-03-24', 'Giang Hoang', '0929571871', 6031.42, 482.51, 6513.93, 238.16, 6275.77, 4236.43, 2039.34, 1, 2, 1, '', 1, 'urgent', 3);
INSERT INTO orders (order_id, order_date, client_name, client_contact, sub_total, vat, total_amount, discount, grand_total, paid, due, payment_type, payment_status, payment_place, gstn, order_status, tag, user_id) VALUES (1153, '2025-01-26', 'Quan Nguyen', '0998634594', 4241.87, 339.35, 4581.22, 151.05, 4430.17, 4430.17, 0.00, 3, 1, 2, '', 1, 'regular', 3);
INSERT INTO orders (order_id, order_date, client_name, client_contact, sub_total, vat, total_amount, discount, grand_total, paid, due, payment_type, payment_status, payment_place, gstn, order_status, tag, user_id) VALUES (1154, '2024-11-20', 'Phuong Phan', '0936814231', 1195.96, 95.68, 1291.64, 46.12, 1245.52, 1245.52, 0.00, 1, 1, 2, '', 1, 'urgent', 2);
INSERT INTO orders (order_id, order_date, client_name, client_contact, sub_total, vat, total_amount, discount, grand_total, paid, due, payment_type, payment_status, payment_place, gstn, order_status, tag, user_id) VALUES (1155, '2024-11-27', 'Giang Hoang', '0915286467', 2554.45, 204.36, 2758.81, 192.51, 2566.30, 2083.47, 482.83, 3, 2, 1, '', 1, 'corporate', 4);
INSERT INTO orders (order_id, order_date, client_name, client_contact, sub_total, vat, total_amount, discount, grand_total, paid, due, payment_type, payment_status, payment_place, gstn, order_status, tag, user_id) VALUES (1156, '2025-05-18', 'Minh Nguyen', '0926767591', 1143.91, 91.51, 1235.42, 98.71, 1136.71, 1136.71, 0.00, 2, 1, 2, '', 1, 'corporate', 4);
INSERT INTO orders (order_id, order_date, client_name, client_contact, sub_total, vat, total_amount, discount, grand_total, paid, due, payment_type, payment_status, payment_place, gstn, order_status, tag, user_id) VALUES (1157, '2025-04-12', 'Thuy Vu', '0930810148', 4310.19, 344.82, 4655.01, 269.83, 4385.18, 3288.58, 1096.60, 2, 2, 2, '', 1, 'urgent', 3);
INSERT INTO orders (order_id, order_date, client_name, client_contact, sub_total, vat, total_amount, discount, grand_total, paid, due, payment_type, payment_status, payment_place, gstn, order_status, tag, user_id) VALUES (1158, '2025-02-17', 'Viet Vo', '0981941652', 4004.88, 320.39, 4325.27, 235.63, 4089.64, 4089.64, 0.00, 1, 1, 1, '', 1, 'regular', 4);
INSERT INTO orders (order_id, order_date, client_name, client_contact, sub_total, vat, total_amount, discount, grand_total, paid, due, payment_type, payment_status, payment_place, gstn, order_status, tag, user_id) VALUES (1159, '2025-07-27', 'Bao Pham', '0930372384', 594.88, 47.59, 642.47, 12.19, 630.28, 630.28, 0.00, 3, 1, 2, '', 1, 'corporate', 3);
INSERT INTO orders (order_id, order_date, client_name, client_contact, sub_total, vat, total_amount, discount, grand_total, paid, due, payment_type, payment_status, payment_place, gstn, order_status, tag, user_id) VALUES (1160, '2025-09-06', 'Hoa Le', '0937856407', 3192.68, 255.41, 3448.09, 280.91, 3167.18, 2404.99, 762.19, 2, 2, 1, '', 1, 'corporate', 3);
INSERT INTO orders (order_id, order_date, client_name, client_contact, sub_total, vat, total_amount, discount, grand_total, paid, due, payment_type, payment_status, payment_place, gstn, order_status, tag, user_id) VALUES (1161, '2025-05-23', 'Uyen Huynh', '0940176472', 8844.20, 707.54, 9551.74, 187.52, 9364.22, 9364.22, 0.00, 1, 1, 2, '', 1, 'urgent', 4);
INSERT INTO orders (order_id, order_date, client_name, client_contact, sub_total, vat, total_amount, discount, grand_total, paid, due, payment_type, payment_status, payment_place, gstn, order_status, tag, user_id) VALUES (1162, '2025-01-20', 'Khanh Le', '0916208642', 2045.24, 163.62, 2208.86, 203.21, 2005.65, 1445.69, 559.96, 3, 2, 1, '', 1, 'regular', 2);
INSERT INTO orders (order_id, order_date, client_name, client_contact, sub_total, vat, total_amount, discount, grand_total, paid, due, payment_type, payment_status, payment_place, gstn, order_status, tag, user_id) VALUES (1163, '2025-08-01', 'Son Hoang', '0931326442', 1515.65, 121.25, 1636.90, 72.84, 1564.06, 1564.06, 0.00, 2, 1, 1, '', 1, 'corporate', 4);
INSERT INTO orders (order_id, order_date, client_name, client_contact, sub_total, vat, total_amount, discount, grand_total, paid, due, payment_type, payment_status, payment_place, gstn, order_status, tag, user_id) VALUES (1164, '2025-09-17', 'Lien Hoang', '0939337358', 1148.88, 91.91, 1240.79, 74.37, 1166.42, 1166.42, 0.00, 2, 1, 1, '', 1, 'regular', 1);
INSERT INTO orders (order_id, order_date, client_name, client_contact, sub_total, vat, total_amount, discount, grand_total, paid, due, payment_type, payment_status, payment_place, gstn, order_status, tag, user_id) VALUES (1165, '2025-01-13', 'Uyen Tran', '0981963234', 1982.04, 158.56, 2140.60, 8.44, 2132.16, 2132.16, 0.00, 1, 1, 1, '', 1, 'corporate', 4);
INSERT INTO orders (order_id, order_date, client_name, client_contact, sub_total, vat, total_amount, discount, grand_total, paid, due, payment_type, payment_status, payment_place, gstn, order_status, tag, user_id) VALUES (1166, '2025-07-28', 'Dung Le', '0935575775', 5741.05, 459.28, 6200.33, 442.23, 5758.10, 4771.69, 986.41, 1, 2, 2, '', 1, 'regular', 1);
INSERT INTO orders (order_id, order_date, client_name, client_contact, sub_total, vat, total_amount, discount, grand_total, paid, due, payment_type, payment_status, payment_place, gstn, order_status, tag, user_id) VALUES (1167, '2025-07-23', 'Minh Dang', '0934845876', 4291.68, 343.33, 4635.01, 381.56, 4253.45, 4253.45, 0.00, 3, 1, 2, '', 1, 'corporate', 2);
INSERT INTO orders (order_id, order_date, client_name, client_contact, sub_total, vat, total_amount, discount, grand_total, paid, due, payment_type, payment_status, payment_place, gstn, order_status, tag, user_id) VALUES (1168, '2025-03-22', 'Anh Hoang', '0938368564', 3615.15, 289.21, 3904.36, 126.91, 3777.45, 3777.45, 0.00, 2, 1, 1, '', 1, 'regular', 4);
INSERT INTO orders (order_id, order_date, client_name, client_contact, sub_total, vat, total_amount, discount, grand_total, paid, due, payment_type, payment_status, payment_place, gstn, order_status, tag, user_id) VALUES (1169, '2025-01-20', 'Thuy Hoang', '0981755135', 2038.38, 163.07, 2201.45, 7.03, 2194.42, 1373.19, 821.23, 1, 2, 2, '', 1, 'urgent', 1);
INSERT INTO orders (order_id, order_date, client_name, client_contact, sub_total, vat, total_amount, discount, grand_total, paid, due, payment_type, payment_status, payment_place, gstn, order_status, tag, user_id) VALUES (1170, '2025-04-14', 'Quan Tran', '0936785125', 5459.73, 436.78, 5896.51, 168.21, 5728.30, 2690.42, 3037.88, 3, 2, 2, '', 1, 'regular', 4);

-- -- Bảng: order_item (Chi tiết đơn hàng)
INSERT INTO order_item (order_id, product_id, quantity, rate, total, order_item_status) VALUES (1151, 95, 3, 856.12, 2568.36, 1);
INSERT INTO order_item (order_id, product_id, quantity, rate, total, order_item_status) VALUES (1151, 18, 2, 320.38, 640.77, 1);
INSERT INTO order_item (order_id, product_id, quantity, rate, total, order_item_status) VALUES (1152, 12, 4, 116.14, 464.56, 1);
INSERT INTO order_item (order_id, product_id, quantity, rate, total, order_item_status) VALUES (1152, 182, 3, 1855.62, 5566.86, 1);
INSERT INTO order_item (order_id, product_id, quantity, rate, total, order_item_status) VALUES (1153, 163, 1, 468.99, 468.99, 1);
INSERT INTO order_item (order_id, product_id, quantity, rate, total, order_item_status) VALUES (1153, 102, 2, 1886.44, 3772.88, 1);
INSERT INTO order_item (order_id, product_id, quantity, rate, total, order_item_status) VALUES (1154, 4, 1, 1195.96, 1195.96, 1);
INSERT INTO order_item (order_id, product_id, quantity, rate, total, order_item_status) VALUES (1155, 142, 1, 181.76, 181.76, 1);
INSERT INTO order_item (order_id, product_id, quantity, rate, total, order_item_status) VALUES (1155, 126, 2, 1186.34, 2372.69, 1);
INSERT INTO order_item (order_id, product_id, quantity, rate, total, order_item_status) VALUES (1156, 107, 1, 1143.91, 1143.91, 1);
INSERT INTO order_item (order_id, product_id, quantity, rate, total, order_item_status) VALUES (1157, 175, 4, 76.54, 306.16, 1);
INSERT INTO order_item (order_id, product_id, quantity, rate, total, order_item_status) VALUES (1157, 114, 2, 2002.01, 4004.03, 1);
INSERT INTO order_item (order_id, product_id, quantity, rate, total, order_item_status) VALUES (1158, 199, 5, 230.1, 1150.5, 1);
INSERT INTO order_item (order_id, product_id, quantity, rate, total, order_item_status) VALUES (1158, 119, 2, 1427.19, 2854.38, 1);
INSERT INTO order_item (order_id, product_id, quantity, rate, total, order_item_status) VALUES (1159, 169, 1, 594.88, 594.88, 1);
INSERT INTO order_item (order_id, product_id, quantity, rate, total, order_item_status) VALUES (1160, 16, 4, 798.17, 3192.68, 1);
INSERT INTO order_item (order_id, product_id, quantity, rate, total, order_item_status) VALUES (1161, 110, 5, 1768.84, 8844.2, 1);
INSERT INTO order_item (order_id, product_id, quantity, rate, total, order_item_status) VALUES (1162, 129, 2, 1022.62, 2045.24, 1);
INSERT INTO order_item (order_id, product_id, quantity, rate, total, order_item_status) VALUES (1163, 116, 1, 1515.65, 1515.65, 1);
INSERT INTO order_item (order_id, product_id, quantity, rate, total, order_item_status) VALUES (1164, 18, 1, 320.38, 320.38, 1);
INSERT INTO order_item (order_id, product_id, quantity, rate, total, order_item_status) VALUES (1164, 183, 1, 828.5, 828.5, 1);
INSERT INTO order_item (order_id, product_id, quantity, rate, total, order_item_status) VALUES (1165, 93, 4, 495.51, 1982.04, 1);
INSERT INTO order_item (order_id, product_id, quantity, rate, total, order_item_status) VALUES (1166, 14, 5, 116.48, 582.4, 1);
INSERT INTO order_item (order_id, product_id, quantity, rate, total, order_item_status) VALUES (1166, 38, 3, 1719.55, 5158.65, 1);
INSERT INTO order_item (order_id, product_id, quantity, rate, total, order_item_status) VALUES (1167, 137, 3, 1430.56, 4291.68, 1);
INSERT INTO order_item (order_id, product_id, quantity, rate, total, order_item_status) VALUES (1168, 13, 2, 1344.2, 2688.4, 1);
INSERT INTO order_item (order_id, product_id, quantity, rate, total, order_item_status) VALUES (1168, 174, 1, 926.75, 926.75, 1);
INSERT INTO order_item (order_id, product_id, quantity, rate, total, order_item_status) VALUES (1169, 12, 2, 116.14, 232.28, 1);
INSERT INTO order_item (order_id, product_id, quantity, rate, total, order_item_status) VALUES (1169, 13, 1, 1344.2, 1344.2, 1);
INSERT INTO order_item (order_id, product_id, quantity, rate, total, order_item_status) VALUES (1169, 122, 1, 461.9, 461.9, 1);
INSERT INTO order_item (order_id, product_id, quantity, rate, total, order_item_status) VALUES (1170, 193, 2, 1749.62, 3499.24, 1);
INSERT INTO order_item (order_id, product_id, quantity, rate, total, order_item_status) VALUES (1170, 155, 1, 1960.49, 1960.49, 1);

-- -- Bảng: transactions (Giao dịch)
INSERT INTO transactions (user_id, action_type, entity_type, entity_id, description) VALUES (4, 'CREATE', 'order', '1151', 'Created order 1151 for Uyen Vo');
INSERT INTO transactions (user_id, action_type, entity_type, entity_id, description) VALUES (3, 'CREATE', 'order', '1152', 'Created order 1152 for Giang Hoang');
INSERT INTO transactions (user_id, action_type, entity_type, entity_id, description) VALUES (3, 'CREATE', 'order', '1153', 'Created order 1153 for Quan Nguyen');
INSERT INTO transactions (user_id, action_type, entity_type, entity_id, description) VALUES (2, 'CREATE', 'order', '1154', 'Created order 1154 for Phuong Phan');
INSERT INTO transactions (user_id, action_type, entity_type, entity_id, description) VALUES (4, 'CREATE', 'order', '1155', 'Created order 1155 for Giang Hoang');
INSERT INTO transactions (user_id, action_type, entity_type, entity_id, description) VALUES (4, 'CREATE', 'order', '1156', 'Created order 1156 for Minh Nguyen');
INSERT INTO transactions (user_id, action_type, entity_type, entity_id, description) VALUES (3, 'CREATE', 'order', '1157', 'Created order 1157 for Thuy Vu');
INSERT INTO transactions (user_id, action_type, entity_type, entity_id, description) VALUES (4, 'CREATE', 'order', '1158', 'Created order 1158 for Viet Vo');
INSERT INTO transactions (user_id, action_type, entity_type, entity_id, description) VALUES (3, 'CREATE', 'order', '1159', 'Created order 1159 for Bao Pham');
INSERT INTO transactions (user_id, action_type, entity_type, entity_id, description) VALUES (3, 'CREATE', 'order', '1160', 'Created order 1160 for Hoa Le');
INSERT INTO transactions (user_id, action_type, entity_type, entity_id, description) VALUES (4, 'CREATE', 'order', '1161', 'Created order 1161 for Uyen Huynh');
INSERT INTO transactions (user_id, action_type, entity_type, entity_id, description) VALUES (2, 'CREATE', 'order', '1162', 'Created order 1162 for Khanh Le');
INSERT INTO transactions (user_id, action_type, entity_type, entity_id, description) VALUES (4, 'CREATE', 'order', '1163', 'Created order 1163 for Son Hoang');
INSERT INTO transactions (user_id, action_type, entity_type, entity_id, description) VALUES (1, 'CREATE', 'order', '1164', 'Created order 1164 for Lien Hoang');
INSERT INTO transactions (user_id, action_type, entity_type, entity_id, description) VALUES (4, 'CREATE', 'order', '1165', 'Created order 1165 for Uyen Tran');
INSERT INTO transactions (user_id, action_type, entity_type, entity_id, description) VALUES (1, 'CREATE', 'order', '1166', 'Created order 1166 for Dung Le');
INSERT INTO transactions (user_id, action_type, entity_type, entity_id, description) VALUES (2, 'CREATE', 'order', '1167', 'Created order 1167 for Minh Dang');
INSERT INTO transactions (user_id, action_type, entity_type, entity_id, description) VALUES (4, 'CREATE', 'order', '1168', 'Created order 1168 for Anh Hoang');
INSERT INTO transactions (user_id, action_type, entity_type, entity_id, description) VALUES (1, 'CREATE', 'order', '1169', 'Created order 1169 for Thuy Hoang');
INSERT INTO transactions (user_id, action_type, entity_type, entity_id, description) VALUES (4, 'CREATE', 'order', '1170', 'Created order 1170 for Quan Tran');



-- =================================================
-- SAMPLE DATA FOR 200 NEW PRODUCTS
-- =================================================

INSERT INTO product (product_id, product_name, product_image, brand_id, categories_id, quantity, minStock, unit, store, rate, active, status) VALUES (201, 'Dell Hard Drive Model-5626', 'https://i.pravatar.cc/40?u=p201', 4, 15, 70, 14, 'pcs', 'Main Warehouse', 1339.99, 1, 1);
INSERT INTO product (product_id, product_name, product_image, brand_id, categories_id, quantity, minStock, unit, store, rate, active, status) VALUES (202, 'HP Tablet Model-5942', 'https://i.pravatar.cc/40?u=p202', 7, 6, 178, 14, 'pcs', 'City Center Store', 1051.89, 1, 1);
INSERT INTO product (product_id, product_name, product_image, brand_id, categories_id, quantity, minStock, unit, store, rate, active, status) VALUES (203, 'Samsung Mouse Model-3155', 'https://i.pravatar.cc/40?u=p203', 2, 11, 108, 11, 'pcs', 'Electronics Dept', 2362.19, 1, 1);
INSERT INTO product (product_id, product_name, product_image, brand_id, categories_id, quantity, minStock, unit, store, rate, active, status) VALUES (204, 'HP Speaker Model-2051', 'https://i.pravatar.cc/40?u=p204', 7, 12, 186, 6, 'pcs', 'Electronics Dept', 1475.29, 0, 1);
INSERT INTO product (product_id, product_name, product_image, brand_id, categories_id, quantity, minStock, unit, store, rate, active, status) VALUES (205, 'Bose Router Model-6891', 'https://i.pravatar.cc/40?u=p205', 10, 13, 107, 16, 'pcs', 'Main Warehouse', 183.94, 0, 1);
INSERT INTO product (product_id, product_name, product_image, brand_id, categories_id, quantity, minStock, unit, store, rate, active, status) VALUES (206, 'Asus Printer Model-7832', 'https://i.pravatar.cc/40?u=p206', 9, 8, 194, 19, 'pcs', 'Online Fulfillment', 1600.56, 1, 1);
INSERT INTO product (product_id, product_name, product_image, brand_id, categories_id, quantity, minStock, unit, store, rate, active, status) VALUES (207, 'Xiaomi Hard Drive Model-6785', 'https://i.pravatar.cc/40?u=p207', 6, 15, 78, 17, 'pcs', 'Online Fulfillment', 248.87, 0, 1);
INSERT INTO product (product_id, product_name, product_image, brand_id, categories_id, quantity, minStock, unit, store, rate, active, status) VALUES (208, 'LG Camera Model-4663', 'https://i.pravatar.cc/40?u=p208', 5, 7, 19, 14, 'pcs', 'Online Fulfillment', 2383.08, 1, 1);
INSERT INTO product (product_id, product_name, product_image, brand_id, categories_id, quantity, minStock, unit, store, rate, active, status) VALUES (209, 'Xiaomi Speaker Model-2270', 'https://i.pravatar.cc/40?u=p209', 6, 12, 161, 10, 'pcs', 'Electronics Dept', 2404.14, 1, 1);
INSERT INTO product (product_id, product_name, product_image, brand_id, categories_id, quantity, minStock, unit, store, rate, active, status) VALUES (210, 'Samsung Television Model-4899', 'https://i.pravatar.cc/40?u=p210', 2, 4, 39, 16, 'pcs', 'District 7 Depot', 1823.10, 0, 1);
INSERT INTO product (product_id, product_name, product_image, brand_id, categories_id, quantity, minStock, unit, store, rate, active, status) VALUES (211, 'Dell Television Model-1065', 'https://i.pravatar.cc/40?u=p211', 4, 4, 52, 13, 'pcs', 'City Center Store', 2147.24, 0, 1);
INSERT INTO product (product_id, product_name, product_image, brand_id, categories_id, quantity, minStock, unit, store, rate, active, status) VALUES (212, 'Asus Speaker Model-8889', 'https://i.pravatar.cc/40?u=p212', 9, 12, 142, 6, 'pcs', 'Online Fulfillment', 2309.84, 1, 1);
INSERT INTO product (product_id, product_name, product_image, brand_id, categories_id, quantity, minStock, unit, store, rate, active, status) VALUES (213, 'LG Hard Drive Model-5163', 'https://i.pravatar.cc/40?u=p213', 5, 15, 68, 11, 'pcs', 'District 7 Depot', 811.17, 1, 1);
INSERT INTO product (product_id, product_name, product_image, brand_id, categories_id, quantity, minStock, unit, store, rate, active, status) VALUES (214, 'LG Printer Model-4869', 'https://i.pravatar.cc/40?u=p214', 5, 8, 172, 10, 'pcs', 'Online Fulfillment', 2143.19, 0, 1);
INSERT INTO product (product_id, product_name, product_image, brand_id, categories_id, quantity, minStock, unit, store, rate, active, status) VALUES (215, 'Samsung Hard Drive Model-2357', 'https://i.pravatar.cc/40?u=p215', 2, 15, 135, 12, 'pcs', 'Electronics Dept', 1045.19, 0, 1);
INSERT INTO product (product_id, product_name, product_image, brand_id, categories_id, quantity, minStock, unit, store, rate, active, status) VALUES (216, 'Lenovo Monitor Model-4632', 'https://i.pravatar.cc/40?u=p216', 8, 9, 81, 19, 'pcs', 'District 7 Depot', 178.69, 1, 1);
INSERT INTO product (product_id, product_name, product_image, brand_id, categories_id, quantity, minStock, unit, store, rate, active, status) VALUES (217, 'HP Mouse Model-3746', 'https://i.pravatar.cc/40?u=p217', 7, 11, 23, 10, 'pcs', 'Main Warehouse', 2110.15, 0, 1);
INSERT INTO product (product_id, product_name, product_image, brand_id, categories_id, quantity, minStock, unit, store, rate, active, status) VALUES (218, 'Xiaomi Projector Model-9791', 'https://i.pravatar.cc/40?u=p218', 6, 14, 169, 10, 'pcs', 'Online Fulfillment', 1982.78, 1, 1);
INSERT INTO product (product_id, product_name, product_image, brand_id, categories_id, quantity, minStock, unit, store, rate, active, status) VALUES (219, 'HP Keyboard Model-2533', 'https://i.pravatar.cc/40?u=p219', 7, 10, 193, 11, 'pcs', 'Main Warehouse', 131.78, 1, 1);
INSERT INTO product (product_id, product_name, product_image, brand_id, categories_id, quantity, minStock, unit, store, rate, active, status) VALUES (220, 'LG Television Model-9418', 'https://i.pravatar.cc/40?u=p220', 5, 4, 131, 13, 'pcs', 'Main Warehouse', 376.84, 1, 1);
INSERT INTO product (product_id, product_name, product_image, brand_id, categories_id, quantity, minStock, unit, store, rate, active, status) VALUES (221, 'Samsung Keyboard Model-6593', 'https://i.pravatar.cc/40?u=p221', 2, 10, 52, 16, 'pcs', 'Online Fulfillment', 2038.99, 1, 1);
INSERT INTO product (product_id, product_name, product_image, brand_id, categories_id, quantity, minStock, unit, store, rate, active, status) VALUES (222, 'HP Router Model-6598', 'https://i.pravatar.cc/40?u=p222', 7, 13, 85, 12, 'pcs', 'Main Warehouse', 2487.64, 1, 1);
INSERT INTO product (product_id, product_name, product_image, brand_id, categories_id, quantity, minStock, unit, store, rate, active, status) VALUES (223, 'HP Hard Drive Model-1912', 'https://i.pravatar.cc/40?u=p223', 7, 15, 178, 5, 'pcs', 'Online Fulfillment', 1563.85, 1, 1);
INSERT INTO product (product_id, product_name, product_image, brand_id, categories_id, quantity, minStock, unit, store, rate, active, status) VALUES (224, 'Xiaomi Headphones Model-4632', 'https://i.pravatar.cc/40?u=p224', 6, 3, 114, 16, 'pcs', 'Electronics Dept', 1836.21, 1, 1);
INSERT INTO product (product_id, product_name, product_image, brand_id, categories_id, quantity, minStock, unit, store, rate, active, status) VALUES (225, 'Lenovo Hard Drive Model-8408', 'https://i.pravatar.cc/40?u=p225', 8, 15, 59, 13, 'pcs', 'City Center Store', 1041.51, 1, 1);
INSERT INTO product (product_id, product_name, product_image, brand_id, categories_id, quantity, minStock, unit, store, rate, active, status) VALUES (226, 'Samsung Printer Model-3760', 'https://i.pravatar.cc/40?u=p226', 2, 8, 115, 7, 'pcs', 'Online Fulfillment', 186.20, 1, 1);
INSERT INTO product (product_id, product_name, product_image, brand_id, categories_id, quantity, minStock, unit, store, rate, active, status) VALUES (227, 'Dell Camera Model-1358', 'https://i.pravatar.cc/40?u=p227', 4, 7, 86, 17, 'pcs', 'Electronics Dept', 2404.97, 1, 1);
INSERT INTO product (product_id, product_name, product_image, brand_id, categories_id, quantity, minStock, unit, store, rate, active, status) VALUES (228, 'Sony Headphones Model-6261', 'https://i.pravatar.cc/40?u=p228', 3, 3, 192, 19, 'pcs', 'District 7 Depot', 1893.30, 0, 1);
INSERT INTO product (product_id, product_name, product_image, brand_id, categories_id, quantity, minStock, unit, store, rate, active, status) VALUES (229, 'Bose Monitor Model-3543', 'https://i.pravatar.cc/40?u=p229', 10, 9, 18, 14, 'pcs', 'District 7 Depot', 232.06, 0, 1);
INSERT INTO product (product_id, product_name, product_image, brand_id, categories_id, quantity, minStock, unit, store, rate, active, status) VALUES (230, 'LG Speaker Model-1845', 'https://i.pravatar.cc/40?u=p230', 5, 12, 110, 18, 'pcs', 'Online Fulfillment', 428.32, 1, 1);
INSERT INTO product (product_id, product_name, product_image, brand_id, categories_id, quantity, minStock, unit, store, rate, active, status) VALUES (231, 'Bose Keyboard Model-3983', 'https://i.pravatar.cc/40?u=p231', 10, 10, 126, 6, 'pcs', 'Main Warehouse', 2110.36, 1, 1);
INSERT INTO product (product_id, product_name, product_image, brand_id, categories_id, quantity, minStock, unit, store, rate, active, status) VALUES (232, 'HP Projector Model-5364', 'https://i.pravatar.cc/40?u=p232', 7, 14, 137, 18, 'pcs', 'Main Warehouse', 1238.27, 0, 1);
INSERT INTO product (product_id, product_name, product_image, brand_id, categories_id, quantity, minStock, unit, store, rate, active, status) VALUES (233, 'Dell Smartphone Model-1910', 'https://i.pravatar.cc/40?u=p233', 4, 1, 25, 15, 'pcs', 'District 7 Depot', 1476.32, 1, 1);
INSERT INTO product (product_id, product_name, product_image, brand_id, categories_id, quantity, minStock, unit, store, rate, active, status) VALUES (234, 'Apple Mouse Model-5893', 'https://i.pravatar.cc/40?u=p234', 1, 11, 108, 13, 'pcs', 'Electronics Dept', 1032.55, 0, 1);
INSERT INTO product (product_id, product_name, product_image, brand_id, categories_id, quantity, minStock, unit, store, rate, active, status) VALUES (235, 'Samsung Headphones Model-1065', 'https://i.pravatar.cc/40?u=p235', 2, 3, 109, 17, 'pcs', 'Electronics Dept', 2314.54, 1, 1);
INSERT INTO product (product_id, product_name, product_image, brand_id, categories_id, quantity, minStock, unit, store, rate, active, status) VALUES (236, 'HP Tablet Model-5793', 'https://i.pravatar.cc/40?u=p236', 7, 6, 12, 6, 'pcs', 'District 7 Depot', 1494.61, 0, 1);
INSERT INTO product (product_id, product_name, product_image, brand_id, categories_id, quantity, minStock, unit, store, rate, active, status) VALUES (237, 'Bose Tablet Model-6078', 'https://i.pravatar.cc/40?u=p237', 10, 6, 169, 18, 'pcs', 'Online Fulfillment', 1957.51, 1, 1);
INSERT INTO product (product_id, product_name, product_image, brand_id, categories_id, quantity, minStock, unit, store, rate, active, status) VALUES (238, 'Dell Monitor Model-4638', 'https://i.pravatar.cc/40?u=p238', 4, 9, 39, 14, 'pcs', 'City Center Store', 167.31, 0, 1);
INSERT INTO product (product_id, product_name, product_image, brand_id, categories_id, quantity, minStock, unit, store, rate, active, status) VALUES (239, 'Sony Keyboard Model-8199', 'https://i.pravatar.cc/40?u=p239', 3, 10, 48, 13, 'pcs', 'Electronics Dept', 1880.89, 0, 1);
INSERT INTO product (product_id, product_name, product_image, brand_id, categories_id, quantity, minStock, unit, store, rate, active, status) VALUES (240, 'Asus Mouse Model-8748', 'https://i.pravatar.cc/40?u=p240', 9, 11, 98, 9, 'pcs', 'City Center Store', 944.37, 1, 1);
INSERT INTO product (product_id, product_name, product_image, brand_id, categories_id, quantity, minStock, unit, store, rate, active, status) VALUES (241, 'Bose Hard Drive Model-5683', 'https://i.pravatar.cc/40?u=p241', 10, 15, 34, 10, 'pcs', 'City Center Store', 1331.42, 1, 1);
INSERT INTO product (product_id, product_name, product_image, brand_id, categories_id, quantity, minStock, unit, store, rate, active, status) VALUES (242, 'Asus Hard Drive Model-5813', 'https://i.pravatar.cc/40?u=p242', 9, 15, 175, 17, 'pcs', 'Main Warehouse', 2225.10, 1, 1);
INSERT INTO product (product_id, product_name, product_image, brand_id, categories_id, quantity, minStock, unit, store, rate, active, status) VALUES (243, 'LG Tablet Model-2122', 'https://i.pravatar.cc/40?u=p243', 5, 6, 27, 18, 'pcs', 'City Center Store', 1354.34, 1, 1);
INSERT INTO product (product_id, product_name, product_image, brand_id, categories_id, quantity, minStock, unit, store, rate, active, status) VALUES (244, 'Sony Tablet Model-9442', 'https://i.pravatar.cc/40?u=p244', 3, 6, 88, 11, 'pcs', 'Main Warehouse', 2012.78, 1, 1);
INSERT INTO product (product_id, product_name, product_image, brand_id, categories_id, quantity, minStock, unit, store, rate, active, status) VALUES (245, 'Sony Smartphone Model-1901', 'https://i.pravatar.cc/40?u=p245', 3, 1, 103, 10, 'pcs', 'District 7 Depot', 1868.51, 1, 1);
INSERT INTO product (product_id, product_name, product_image, brand_id, categories_id, quantity, minStock, unit, store, rate, active, status) VALUES (246, 'Bose Laptop Model-2780', 'https://i.pravatar.cc/40?u=p246', 10, 2, 77, 8, 'pcs', 'District 7 Depot', 1211.33, 1, 1);
INSERT INTO product (product_id, product_name, product_image, brand_id, categories_id, quantity, minStock, unit, store, rate, active, status) VALUES (247, 'Samsung Monitor Model-4629', 'https://i.pravatar.cc/40?u=p247', 2, 9, 23, 18, 'pcs', 'District 7 Depot', 1038.56, 1, 1);
INSERT INTO product (product_id, product_name, product_image, brand_id, categories_id, quantity, minStock, unit, store, rate, active, status) VALUES (248, 'HP Laptop Model-3486', 'https://i.pravatar.cc/40?u=p248', 7, 2, 19, 17, 'pcs', 'District 7 Depot', 892.48, 1, 1);
INSERT INTO product (product_id, product_name, product_image, brand_id, categories_id, quantity, minStock, unit, store, rate, active, status) VALUES (249, 'Sony Keyboard Model-4648', 'https://i.pravatar.cc/40?u=p249', 3, 10, 11, 8, 'pcs', 'Online Fulfillment', 1133.40, 0, 1);
INSERT INTO product (product_id, product_name, product_image, brand_id, categories_id, quantity, minStock, unit, store, rate, active, status) VALUES (250, 'Bose Mouse Model-3151', 'https://i.pravatar.cc/40?u=p250', 10, 11, 137, 10, 'pcs', 'Main Warehouse', 1238.25, 1, 1);
INSERT INTO product (product_id, product_name, product_image, brand_id, categories_id, quantity, minStock, unit, store, rate, active, status) VALUES (251, 'Dell Tablet Model-9964', 'https://i.pravatar.cc/40?u=p251', 4, 6, 12, 11, 'pcs', 'Online Fulfillment', 171.18, 1, 1);
INSERT INTO product (product_id, product_name, product_image, brand_id, categories_id, quantity, minStock, unit, store, rate, active, status) VALUES (252, 'Lenovo Hard Drive Model-6780', 'https://i.pravatar.cc/40?u=p252', 8, 15, 123, 11, 'pcs', 'City Center Store', 635.84, 0, 1);
INSERT INTO product (product_id, product_name, product_image, brand_id, categories_id, quantity, minStock, unit, store, rate, active, status) VALUES (253, 'HP Speaker Model-2035', 'https://i.pravatar.cc/40?u=p253', 7, 12, 29, 10, 'pcs', 'Online Fulfillment', 762.61, 1, 1);
INSERT INTO product (product_id, product_name, product_image, brand_id, categories_id, quantity, minStock, unit, store, rate, active, status) VALUES (254, 'Asus Speaker Model-5231', 'https://i.pravatar.cc/40?u=p254', 9, 12, 85, 11, 'pcs', 'Electronics Dept', 1099.98, 1, 1);
INSERT INTO product (product_id, product_name, product_image, brand_id, categories_id, quantity, minStock, unit, store, rate, active, status) VALUES (255, 'Dell Laptop Model-7509', 'https://i.pravatar.cc/40?u=p255', 4, 2, 49, 11, 'pcs', 'City Center Store', 1378.85, 0, 1);
INSERT INTO product (product_id, product_name, product_image, brand_id, categories_id, quantity, minStock, unit, store, rate, active, status) VALUES (256, 'Apple Monitor Model-5369', 'https://i.pravatar.cc/40?u=p256', 1, 9, 158, 11, 'pcs', 'Main Warehouse', 2465.86, 1, 1);
INSERT INTO product (product_id, product_name, product_image, brand_id, categories_id, quantity, minStock, unit, store, rate, active, status) VALUES (257, 'Xiaomi Hard Drive Model-2321', 'https://i.pravatar.cc/40?u=p257', 6, 15, 137, 14, 'pcs', 'City Center Store', 1709.81, 1, 1);
INSERT INTO product (product_id, product_name, product_image, brand_id, categories_id, quantity, minStock, unit, store, rate, active, status) VALUES (258, 'Lenovo Television Model-2856', 'https://i.pravatar.cc/40?u=p258', 8, 4, 15, 12, 'pcs', 'Main Warehouse', 2276.74, 1, 1);
INSERT INTO product (product_id, product_name, product_image, brand_id, categories_id, quantity, minStock, unit, store, rate, active, status) VALUES (259, 'Bose Smartphone Model-6571', 'https://i.pravatar.cc/40?u=p259', 10, 1, 142, 6, 'pcs', 'Electronics Dept', 2315.70, 0, 1);
INSERT INTO product (product_id, product_name, product_image, brand_id, categories_id, quantity, minStock, unit, store, rate, active, status) VALUES (260, 'LG Smartwatch Model-5264', 'https://i.pravatar.cc/40?u=p260', 5, 5, 26, 19, 'pcs', 'Online Fulfillment', 1729.06, 1, 1);
INSERT INTO product (product_id, product_name, product_image, brand_id, categories_id, quantity, minStock, unit, store, rate, active, status) VALUES (261, 'Apple Mouse Model-7043', 'https://i.pravatar.cc/40?u=p261', 1, 11, 130, 9, 'pcs', 'Online Fulfillment', 726.55, 1, 1);
INSERT INTO product (product_id, product_name, product_image, brand_id, categories_id, quantity, minStock, unit, store, rate, active, status) VALUES (262, 'LG Projector Model-3532', 'https://i.pravatar.cc/40?u=p262', 5, 14, 185, 14, 'pcs', 'District 7 Depot', 188.08, 0, 1);
INSERT INTO product (product_id, product_name, product_image, brand_id, categories_id, quantity, minStock, unit, store, rate, active, status) VALUES (263, 'Dell Tablet Model-7489', 'https://i.pravatar.cc/40?u=p263', 4, 6, 192, 19, 'pcs', 'Main Warehouse', 1699.28, 0, 1);
INSERT INTO product (product_id, product_name, product_image, brand_id, categories_id, quantity, minStock, unit, store, rate, active, status) VALUES (264, 'LG Tablet Model-2144', 'https://i.pravatar.cc/40?u=p264', 5, 6, 175, 14, 'pcs', 'District 7 Depot', 1332.25, 0, 1);
INSERT INTO product (product_id, product_name, product_image, brand_id, categories_id, quantity, minStock, unit, store, rate, active, status) VALUES (265, 'HP Camera Model-8869', 'https://i.pravatar.cc/40?u=p265', 7, 7, 169, 13, 'pcs', 'Main Warehouse', 1709.91, 1, 1);
INSERT INTO product (product_id, product_name, product_image, brand_id, categories_id, quantity, minStock, unit, store, rate, active, status) VALUES (266, 'LG Router Model-9265', 'https://i.pravatar.cc/40?u=p266', 5, 13, 118, 12, 'pcs', 'Electronics Dept', 1018.73, 1, 1);
INSERT INTO product (product_id, product_name, product_image, brand_id, categories_id, quantity, minStock, unit, store, rate, active, status) VALUES (267, 'LG Tablet Model-5709', 'https://i.pravatar.cc/40?u=p267', 5, 6, 171, 12, 'pcs', 'Online Fulfillment', 2315.65, 0, 1);
INSERT INTO product (product_id, product_name, product_image, brand_id, categories_id, quantity, minStock, unit, store, rate, active, status) VALUES (268, 'Apple Speaker Model-6232', 'https://i.pravatar.cc/40?u=p268', 1, 12, 135, 13, 'pcs', 'Electronics Dept', 2445.89, 0, 1);
INSERT INTO product (product_id, product_name, product_image, brand_id, categories_id, quantity, minStock, unit, store, rate, active, status) VALUES (269, 'HP Mouse Model-3331', 'https://i.pravatar.cc/40?u=p269', 7, 11, 41, 13, 'pcs', 'City Center Store', 1004.81, 1, 1);
INSERT INTO product (product_id, product_name, product_image, brand_id, categories_id, quantity, minStock, unit, store, rate, active, status) VALUES (270, 'Bose Projector Model-1647', 'https://i.pravatar.cc/40?u=p270', 10, 14, 182, 12, 'pcs', 'Main Warehouse', 1618.33, 1, 1);
INSERT INTO product (product_id, product_name, product_image, brand_id, categories_id, quantity, minStock, unit, store, rate, active, status) VALUES (271, 'Bose Hard Drive Model-5162', 'https://i.pravatar.cc/40?u=p271', 10, 15, 75, 5, 'pcs', 'Electronics Dept', 2341.28, 1, 1);
INSERT INTO product (product_id, product_name, product_image, brand_id, categories_id, quantity, minStock, unit, store, rate, active, status) VALUES (272, 'Samsung Hard Drive Model-4340', 'https://i.pravatar.cc/40?u=p272', 2, 15, 140, 15, 'pcs', 'Online Fulfillment', 1982.59, 1, 1);
INSERT INTO product (product_id, product_name, product_image, brand_id, categories_id, quantity, minStock, unit, store, rate, active, status) VALUES (273, 'Lenovo Laptop Model-7649', 'https://i.pravatar.cc/40?u=p273', 8, 2, 111, 12, 'pcs', 'Main Warehouse', 1533.80, 1, 1);
INSERT INTO product (product_id, product_name, product_image, brand_id, categories_id, quantity, minStock, unit, store, rate, active, status) VALUES (274, 'Samsung Hard Drive Model-7243', 'https://i.pravatar.cc/40?u=p274', 2, 15, 123, 7, 'pcs', 'City Center Store', 944.33, 1, 1);
INSERT INTO product (product_id, product_name, product_image, brand_id, categories_id, quantity, minStock, unit, store, rate, active, status) VALUES (275, 'Samsung Smartwatch Model-1582', 'https://i.pravatar.cc/40?u=p275', 2, 5, 52, 13, 'pcs', 'Electronics Dept', 1599.46, 1, 1);
INSERT INTO product (product_id, product_name, product_image, brand_id, categories_id, quantity, minStock, unit, store, rate, active, status) VALUES (276, 'Xiaomi Smartwatch Model-4148', 'https://i.pravatar.cc/40?u=p276', 6, 5, 150, 15, 'pcs', 'District 7 Depot', 1215.39, 1, 1);
INSERT INTO product (product_id, product_name, product_image, brand_id, categories_id, quantity, minStock, unit, store, rate, active, status) VALUES (277, 'LG Router Model-9174', 'https://i.pravatar.cc/40?u=p277', 5, 13, 146, 14, 'pcs', 'Online Fulfillment', 1605.15, 1, 1);
INSERT INTO product (product_id, product_name, product_image, brand_id, categories_id, quantity, minStock, unit, store, rate, active, status) VALUES (278, 'Xiaomi Router Model-7299', 'https://i.pravatar.cc/40?u=p278', 6, 13, 120, 16, 'pcs', 'Main Warehouse', 1640.85, 0, 1);
INSERT INTO product (product_id, product_name, product_image, brand_id, categories_id, quantity, minStock, unit, store, rate, active, status) VALUES (279, 'Lenovo Router Model-1335', 'https://i.pravatar.cc/40?u=p279', 8, 13, 16, 14, 'pcs', 'Online Fulfillment', 2056.28, 0, 1);
INSERT INTO product (product_id, product_name, product_image, brand_id, categories_id, quantity, minStock, unit, store, rate, active, status) VALUES (280, 'HP Camera Model-9694', 'https://i.pravatar.cc/40?u=p280', 7, 7, 107, 7, 'pcs', 'Main Warehouse', 1832.19, 1, 1);
INSERT INTO product (product_id, product_name, product_image, brand_id, categories_id, quantity, minStock, unit, store, rate, active, status) VALUES (281, 'LG Router Model-9966', 'https://i.pravatar.cc/40?u=p281', 5, 13, 172, 7, 'pcs', 'City Center Store', 1045.24, 0, 1);
INSERT INTO product (product_id, product_name, product_image, brand_id, categories_id, quantity, minStock, unit, store, rate, active, status) VALUES (282, 'Lenovo Smartwatch Model-8798', 'https://i.pravatar.cc/40?u=p282', 8, 5, 41, 13, 'pcs', 'Online Fulfillment', 2394.38, 0, 1);
INSERT INTO product (product_id, product_name, product_image, brand_id, categories_id, quantity, minStock, unit, store, rate, active, status) VALUES (283, 'Asus Printer Model-7832', 'https://i.pravatar.cc/40?u=p283', 9, 8, 130, 18, 'pcs', 'District 7 Depot', 1222.10, 0, 1);
INSERT INTO product (product_id, product_name, product_image, brand_id, categories_id, quantity, minStock, unit, store, rate, active, status) VALUES (284, 'Bose Hard Drive Model-5360', 'https://i.pravatar.cc/40?u=p284', 10, 15, 12, 7, 'pcs', 'Main Warehouse', 820.73, 1, 1);
INSERT INTO product (product_id, product_name, product_image, brand_id, categories_id, quantity, minStock, unit, store, rate, active, status) VALUES (285, 'Xiaomi Speaker Model-8136', 'https://i.pravatar.cc/40?u=p285', 6, 12, 59, 19, 'pcs', 'Electronics Dept', 2465.92, 1, 1);
INSERT INTO product (product_id, product_name, product_image, brand_id, categories_id, quantity, minStock, unit, store, rate, active, status) VALUES (286, 'Apple Speaker Model-6288', 'https://i.pravatar.cc/40?u=p286', 1, 12, 158, 14, 'pcs', 'Online Fulfillment', 1989.26, 0, 1);
INSERT INTO product (product_id, product_name, product_image, brand_id, categories_id, quantity, minStock, unit, store, rate, active, status) VALUES (287, 'Dell Monitor Model-6893', 'https://i.pravatar.cc/40?u=p287', 4, 9, 169, 11, 'pcs', 'Main Warehouse', 2216.71, 0, 1);
INSERT INTO product (product_id, product_name, product_image, brand_id, categories_id, quantity, minStock, unit, store, rate, active, status) VALUES (288, 'Samsung Speaker Model-8411', 'https://i.pravatar.cc/40?u=p288', 2, 12, 119, 18, 'pcs', 'District 7 Depot', 1033.47, 0, 1);
INSERT INTO product (product_id, product_name, product_image, brand_id, categories_id, quantity, minStock, unit, store, rate, active, status) VALUES (289, 'Samsung Monitor Model-7994', 'https://i.pravatar.cc/40?u=p289', 2, 9, 18, 15, 'pcs', 'District 7 Depot', 1691.06, 1, 1);
INSERT INTO product (product_id, product_name, product_image, brand_id, categories_id, quantity, minStock, unit, store, rate, active, status) VALUES (290, 'LG Speaker Model-5161', 'https://i.pravatar.cc/40?u=p290', 5, 12, 157, 18, 'pcs', 'Online Fulfillment', 1709.80, 0, 1);
INSERT INTO product (product_id, product_name, product_image, brand_id, categories_id, quantity, minStock, unit, store, rate, active, status) VALUES (291, 'Sony Monitor Model-8796', 'https://i.pravatar.cc/40?u=p291', 3, 9, 111, 19, 'pcs', 'Main Warehouse', 1475.95, 0, 1);
INSERT INTO product (product_id, product_name, product_image, brand_id, categories_id, quantity, minStock, unit, store, rate, active, status) VALUES (292, 'Bose Tablet Model-6454', 'https://i.pravatar.cc/40?u=p292', 10, 6, 161, 17, 'pcs', 'City Center Store', 1009.68, 1, 1);
INSERT INTO product (product_id, product_name, product_image, brand_id, categories_id, quantity, minStock, unit, store, rate, active, status) VALUES (293, 'Bose Mouse Model-6688', 'https://i.pravatar.cc/40?u=p293', 10, 11, 46, 15, 'pcs', 'District 7 Depot', 2315.65, 0, 1);
INSERT INTO product (product_id, product_name, product_image, brand_id, categories_id, quantity, minStock, unit, store, rate, active, status) VALUES (294, 'Samsung Router Model-5858', 'https://i.pravatar.cc/40?u=p294', 2, 13, 100, 12, 'pcs', 'District 7 Depot', 1238.15, 0, 1);
INSERT INTO product (product_id, product_name, product_image, brand_id, categories_id, quantity, minStock, unit, store, rate, active, status) VALUES (295, 'Bose Router Model-3850', 'https://i.pravatar.cc/40?u=p295', 10, 13, 195, 12, 'pcs', 'City Center Store', 1335.88, 0, 1);
INSERT INTO product (product_id, product_name, product_image, brand_id, categories_id, quantity, minStock, unit, store, rate, active, status) VALUES (296, 'Sony Laptop Model-1410', 'https://i.pravatar.cc/40?u=p296', 3, 2, 79, 16, 'pcs', 'Electronics Dept', 2383.07, 1, 1);
INSERT INTO product (product_id, product_name, product_image, brand_id, categories_id, quantity, minStock, unit, store, rate, active, status) VALUES (297, 'HP Printer Model-6119', 'https://i.pravatar.cc/40?u=p297', 7, 8, 153, 5, 'pcs', 'Main Warehouse', 1515.22, 1, 1);
INSERT INTO product (product_id, product_name, product_image, brand_id, categories_id, quantity, minStock, unit, store, rate, active, status) VALUES (298, 'Bose Laptop Model-5959', 'https://i.pravatar.cc/40?u=p298', 10, 2, 174, 15, 'pcs', 'District 7 Depot', 186.29, 0, 1);
INSERT INTO product (product_id, product_name, product_image, brand_id, categories_id, quantity, minStock, unit, store, rate, active, status) VALUES (299, 'Apple Smartwatch Model-9694', 'https://i.pravatar.cc/40?u=p299', 1, 5, 121, 14, 'pcs', 'City Center Store', 2147.38, 1, 1);
INSERT INTO product (product_id, product_name, product_image, brand_id, categories_id, quantity, minStock, unit, store, rate, active, status) VALUES (300, 'Sony Laptop Model-3485', 'https://i.pravatar.cc/40?u=p300', 3, 2, 114, 18, 'pcs', 'City Center Store', 1793.64, 1, 1);
INSERT INTO product (product_id, product_name, product_image, brand_id, categories_id, quantity, minStock, unit, store, rate, active, status) VALUES (301, 'Lenovo Monitor Model-4601', 'https://i.pravatar.cc/40?u=p301', 8, 9, 23, 11, 'pcs', 'Main Warehouse', 2228.61, 0, 1);
INSERT INTO product (product_id, product_name, product_image, brand_id, categories_id, quantity, minStock, unit, store, rate, active, status) VALUES (302, 'Bose Keyboard Model-3511', 'https://i.pravatar.cc/40?u=p302', 10, 10, 29, 14, 'pcs', 'Main Warehouse', 2411.37, 0, 1);
INSERT INTO product (product_id, product_name, product_image, brand_id, categories_id, quantity, minStock, unit, store, rate, active, status) VALUES (303, 'HP Hard Drive Model-7221', 'https://i.pravatar.cc/40?u=p303', 7, 15, 177, 10, 'pcs', 'Main Warehouse', 1604.28, 0, 1);
INSERT INTO product (product_id, product_name, product_image, brand_id, categories_id, quantity, minStock, unit, store, rate, active, status) VALUES (304, 'Xiaomi Television Model-9964', 'https://i.pravatar.cc/40?u=p304', 6, 4, 155, 14, 'pcs', 'Online Fulfillment', 1699.23, 1, 1);
INSERT INTO product (product_id, product_name, product_image, brand_id, categories_id, quantity, minStock, unit, store, rate, active, status) VALUES (305, 'Lenovo Router Model-1808', 'https://i.pravatar.cc/40?u=p305', 8, 13, 174, 5, 'pcs', 'District 7 Depot', 1573.53, 0, 1);
INSERT INTO product (product_id, product_name, product_image, brand_id, categories_id, quantity, minStock, unit, store, rate, active, status) VALUES (306, 'LG Tablet Model-2586', 'https://i.pravatar.cc/40?u=p306', 5, 6, 106, 12, 'pcs', 'Electronics Dept', 2314.53, 1, 1);
INSERT INTO product (product_id, product_name, product_image, brand_id, categories_id, quantity, minStock, unit, store, rate, active, status) VALUES (307, 'Xiaomi Hard Drive Model-9626', 'https://i.pravatar.cc/40?u=p307', 6, 15, 154, 7, 'pcs', 'Online Fulfillment', 2038.16, 1, 1);
INSERT INTO product (product_id, product_name, product_image, brand_id, categories_id, quantity, minStock, unit, store, rate, active, status) VALUES (308, 'LG Camera Model-9659', 'https://i.pravatar.cc/40?u=p308', 5, 7, 169, 19, 'pcs', 'Electronics Dept', 1572.59, 0, 1);
INSERT INTO product (product_id, product_name, product_image, brand_id, categories_id, quantity, minStock, unit, store, rate, active, status) VALUES (309, 'LG Printer Model-7053', 'https://i.pravatar.cc/40?u=p309', 5, 8, 175, 11, 'pcs', 'City Center Store', 803.94, 0, 1);
INSERT INTO product (product_id, product_name, product_image, brand_id, categories_id, quantity, minStock, unit, store, rate, active, status) VALUES (310, 'HP Laptop Model-3486', 'https://i.pravatar.cc/40?u=p310', 7, 2, 85, 18, 'pcs', 'District 7 Depot', 233.10, 0, 1);
INSERT INTO product (product_id, product_name, product_image, brand_id, categories_id, quantity, minStock, unit, store, rate, active, status) VALUES (311, 'LG Router Model-3004', 'https://i.pravatar.cc/40?u=p311', 5, 13, 85, 11, 'pcs', 'Electronics Dept', 2413.79, 1, 1);
INSERT INTO product (product_id, product_name, product_image, brand_id, categories_id, quantity, minStock, unit, store, rate, active, status) VALUES (312, 'HP Tablet Model-9807', 'https://i.pravatar.cc/40?u=p312', 7, 6, 155, 10, 'pcs', 'Online Fulfillment', 69.83, 0, 1);
INSERT INTO product (product_id, product_name, product_image, brand_id, categories_id, quantity, minStock, unit, store, rate, active, status) VALUES (313, 'Bose Router Model-7640', 'https://i.pravatar.cc/40?u=p313', 10, 13, 106, 15, 'pcs', 'Electronics Dept', 1045.24, 0, 1);
INSERT INTO product (product_id, product_name, product_image, brand_id, categories_id, quantity, minStock, unit, store, rate, active, status) VALUES (314, 'Asus Speaker Model-8408', 'https://i.pravatar.cc/40?u=p314', 9, 12, 127, 10, 'pcs', 'Main Warehouse', 1888.64, 1, 1);
INSERT INTO product (product_id, product_name, product_image, brand_id, categories_id, quantity, minStock, unit, store, rate, active, status) VALUES (315, 'Lenovo Headphones Model-3343', 'https://i.pravatar.cc/40?u=p315', 8, 3, 18, 13, 'pcs', 'Main Warehouse', 1801.47, 0, 1);
INSERT INTO product (product_id, product_name, product_image, brand_id, categories_id, quantity, minStock, unit, store, rate, active, status) VALUES (316, 'HP Headphones Model-5367', 'https://i.pravatar.cc/40?u=p316', 7, 3, 185, 18, 'pcs', 'Electronics Dept', 1868.51, 1, 1);
INSERT INTO product (product_id, product_name, product_image, brand_id, categories_id, quantity, minStock, unit, store, rate, active, status) VALUES (317, 'Dell Router Model-4720', 'https://i.pravatar.cc/40?u=p317', 4, 13, 196, 10, 'pcs', 'Online Fulfillment', 2045.36, 1, 1);
INSERT INTO product (product_id, product_name, product_image, brand_id, categories_id, quantity, minStock, unit, store, rate, active, status) VALUES (318, 'HP Smartwatch Model-5882', 'https://i.pravatar.cc/40?u=p318', 7, 5, 20, 10, 'pcs', 'Main Warehouse', 1709.81, 0, 1);
INSERT INTO product (product_id, product_name, product_image, brand_id, categories_id, quantity, minStock, unit, store, rate, active, status) VALUES (319, 'Asus Smartwatch Model-3769', 'https://i.pravatar.cc/40?u=p319', 9, 5, 96, 19, 'pcs', 'District 7 Depot', 183.94, 0, 1);
INSERT INTO product (product_id, product_name, product_image, brand_id, categories_id, quantity, minStock, unit, store, rate, active, status) VALUES (320, 'LG Television Model-3004', 'https://i.pravatar.cc/40?u=p320', 5, 4, 140, 18, 'pcs', 'City Center Store', 1032.55, 1, 1);
INSERT INTO product (product_id, product_name, product_image, brand_id, categories_id, quantity, minStock, unit, store, rate, active, status) VALUES (321, 'Asus Router Model-8199', 'https://i.pravatar.cc/40?u=p321', 9, 13, 106, 12, 'pcs', 'Main Warehouse', 1238.15, 1, 1);
INSERT INTO product (product_id, product_name, product_image, brand_id, categories_id, quantity, minStock, unit, store, rate, active, status) VALUES (322, 'HP Laptop Model-4147', 'https://i.pravatar.cc/40?u=p322', 7, 2, 193, 14, 'pcs', 'Electronics Dept', 1211.33, 0, 1);
INSERT INTO product (product_id, product_name, product_image, brand_id, categories_id, quantity, minStock, unit, store, rate, active, status) VALUES (323, 'Bose Hard Drive Model-5192', 'https://i.pravatar.cc/40?u=p323', 10, 15, 87, 10, 'pcs', 'District 7 Depot', 1332.25, 0, 1);
INSERT INTO product (product_id, product_name, product_image, brand_id, categories_id, quantity, minStock, unit, store, rate, active, status) VALUES (324, 'Asus Headphones Model-6238', 'https://i.pravatar.cc/40?u=p324', 9, 3, 199, 10, 'pcs', 'Main Warehouse', 2413.79, 1, 1);
INSERT INTO product (product_id, product_name, product_image, brand_id, categories_id, quantity, minStock, unit, store, rate, active, status) VALUES (325, 'Lenovo Monitor Model-4638', 'https://i.pravatar.cc/40?u=p325', 8, 9, 114, 13, 'pcs', 'City Center Store', 1709.81, 1, 1);
INSERT INTO product (product_id, product_name, product_image, brand_id, categories_id, quantity, minStock, unit, store, rate, active, status) VALUES (326, 'Samsung Television Model-4892', 'https://i.pravatar.cc/40?u=p326', 2, 4, 138, 12, 'pcs', 'City Center Store', 183.94, 0, 1);
INSERT INTO product (product_id, product_name, product_image, brand_id, categories_id, quantity, minStock, unit, store, rate, active, status) VALUES (327, 'HP Camera Model-8869', 'https://i.pravatar.cc/40?u=p327', 7, 7, 18, 15, 'pcs', 'Main Warehouse', 1709.91, 1, 1);
INSERT INTO product (product_id, product_name, product_image, brand_id, categories_id, quantity, minStock, unit, store, rate, active, status) VALUES (328, 'Bose Speaker Model-4869', 'https://i.pravatar.cc/40?u=p328', 10, 12, 149, 15, 'pcs', 'Online Fulfillment', 2143.19, 1, 1);
INSERT INTO product (product_id, product_name, product_image, brand_id, categories_id, quantity, minStock, unit, store, rate, active, status) VALUES (329, 'Lenovo Keyboard Model-3151', 'https://i.pravatar.cc/40?u=p329', 8, 10, 137, 10, 'pcs', 'Main Warehouse', 1238.25, 1, 1);
INSERT INTO product (product_id, product_name, product_image, brand_id, categories_id, quantity, minStock, unit, store, rate, active, status) VALUES (330, 'Xiaomi Laptop Model-9791', 'https://i.pravatar.cc/40?u=p330', 6, 2, 169, 10, 'pcs', 'Online Fulfillment', 1982.78, 1, 1);
INSERT INTO product (product_id, product_name, product_image, brand_id, categories_id, quantity, minStock, unit, store, rate, active, status) VALUES (331, 'Sony Keyboard Model-8199', 'https://i.pravatar.cc/40?u=p331', 3, 10, 48, 13, 'pcs', 'Electronics Dept', 1880.89, 0, 1);
INSERT INTO product (product_id, product_name, product_image, brand_id, categories_id, quantity, minStock, unit, store, rate, active, status) VALUES (332, 'HP Projector Model-5364', 'https://i.pravatar.cc/40?u=p332', 7, 14, 137, 18, 'pcs', 'Main Warehouse', 1238.27, 0, 1);
INSERT INTO product (product_id, product_name, product_image, brand_id, categories_id, quantity, minStock, unit, store, rate, active, status) VALUES (333, 'Lenovo Tablet Model-9442', 'https://i.pravatar.cc/40?u=p333', 8, 6, 88, 11, 'pcs', 'Main Warehouse', 2012.78, 1, 1);
INSERT INTO product (product_id, product_name, product_image, brand_id, categories_id, quantity, minStock, unit, store, rate, active, status) VALUES (334, 'Apple Mouse Model-7043', 'https://i.pravatar.cc/40?u=p334', 1, 11, 130, 9, 'pcs', 'Online Fulfillment', 726.55, 1, 1);
INSERT INTO product (product_id, product_name, product_image, brand_id, categories_id, quantity, minStock, unit, store, rate, active, status) VALUES (335, 'Bose Hard Drive Model-5192', 'https://i.pravatar.cc/40?u=p335', 10, 15, 87, 10, 'pcs', 'District 7 Depot', 1332.25, 0, 1);
INSERT INTO product (product_id, product_name, product_image, brand_id, categories_id, quantity, minStock, unit, store, rate, active, status) VALUES (336, 'Asus Speaker Model-8408', 'https://i.pravatar.cc/40?u=p336', 9, 12, 127, 10, 'pcs', 'Main Warehouse', 1888.64, 1, 1);
INSERT INTO product (product_id, product_name, product_image, brand_id, categories_id, quantity, minStock, unit, store, rate, active, status) VALUES (337, 'Bose Hard Drive Model-5162', 'https://i.pravatar.cc/40?u=p337', 10, 15, 75, 5, 'pcs', 'Electronics Dept', 2341.28, 1, 1);
INSERT INTO product (product_id, product_name, product_image, brand_id, categories_id, quantity, minStock, unit, store, rate, active, status) VALUES (338, 'Samsung Hard Drive Model-7243', 'https://i.pravatar.cc/40?u=p338', 2, 15, 123, 7, 'pcs', 'City Center Store', 944.33, 1, 1);
INSERT INTO product (product_id, product_name, product_image, brand_id, categories_id, quantity, minStock, unit, store, rate, active, status) VALUES (339, 'Dell Laptop Model-7509', 'https://i.pravatar.cc/40?u=p339', 4, 2, 49, 11, 'pcs', 'City Center Store', 1378.85, 0, 1);
INSERT INTO product (product_id, product_name, product_image, brand_id, categories_id, quantity, minStock, unit, store, rate, active, status) VALUES (340, 'Lenovo Smartwatch Model-8798', 'https://i.pravatar.cc/40?u=p340', 8, 5, 41, 13, 'pcs', 'Online Fulfillment', 2394.38, 0, 1);
INSERT INTO product (product_id, product_name, product_image, brand_id, categories_id, quantity, minStock, unit, store, rate, active, status) VALUES (341, 'LG Projector Model-3532', 'https://i.pravatar.cc/40?u=p341', 5, 14, 185, 14, 'pcs', 'District 7 Depot', 188.08, 0, 1);
INSERT INTO product (product_id, product_name, product_image, brand_id, categories_id, quantity, minStock, unit, store, rate, active, status) VALUES (342, 'LG Tablet Model-2144', 'https://i.pravatar.cc/40?u=p342', 5, 6, 175, 14, 'pcs', 'District 7 Depot', 1332.25, 0, 1);
INSERT INTO product (product_id, product_name, product_image, brand_id, categories_id, quantity, minStock, unit, store, rate, active, status) VALUES (343, 'Asus Speaker Model-8889', 'https://i.pravatar.cc/40?u=p343', 9, 12, 142, 6, 'pcs', 'Online Fulfillment', 2309.84, 1, 1);
INSERT INTO product (product_id, product_name, product_image, brand_id, categories_id, quantity, minStock, unit, store, rate, active, status) VALUES (344, 'HP Mouse Model-3331', 'https://i.pravatar.cc/40?u=p344', 7, 11, 41, 13, 'pcs', 'City Center Store', 1004.81, 1, 1);
INSERT INTO product (product_id, product_name, product_image, brand_id, categories_id, quantity, minStock, unit, store, rate, active, status) VALUES (345, 'Sony Monitor Model-8796', 'https://i.pravatar.cc/40?u=p345', 3, 9, 111, 19, 'pcs', 'Main Warehouse', 1475.95, 0, 1);
INSERT INTO product (product_id, product_name, product_image, brand_id, categories_id, quantity, minStock, unit, store, rate, active, status) VALUES (346, 'Lenovo Hard Drive Model-6780', 'https://i.pravatar.cc/40?u=p346', 8, 15, 123, 11, 'pcs', 'City Center Store', 635.84, 0, 1);
INSERT INTO product (product_id, product_name, product_image, brand_id, categories_id, quantity, minStock, unit, store, rate, active, status) VALUES (347, 'LG Tablet Model-2122', 'https://i.pravatar.cc/40?u=p347', 5, 6, 27, 18, 'pcs', 'City Center Store', 1354.34, 1, 1);
INSERT INTO product (product_id, product_name, product_image, brand_id, categories_id, quantity, minStock, unit, store, rate, active, status) VALUES (348, 'Bose Hard Drive Model-5360', 'https://i.pravatar.cc/40?u=p348', 10, 15, 12, 7, 'pcs', 'Main Warehouse', 820.73, 1, 1);
INSERT INTO product (product_id, product_name, product_image, brand_id, categories_id, quantity, minStock, unit, store, rate, active, status) VALUES (349, 'Lenovo Monitor Model-4638', 'https://i.pravatar.cc/40?u=p349', 8, 9, 114, 13, 'pcs', 'City Center Store', 1709.81, 1, 1);
INSERT INTO product (product_id, product_name, product_image, brand_id, categories_id, quantity, minStock, unit, store, rate, active, status) VALUES (350, 'Apple Monitor Model-5369', 'https://i.pravatar.cc/40?u=p350', 1, 9, 158, 11, 'pcs', 'Main Warehouse', 2465.86, 1, 1);
INSERT INTO product (product_id, product_name, product_image, brand_id, categories_id, quantity, minStock, unit, store, rate, active, status) VALUES (351, 'HP Router Model-6598', 'https://i.pravatar.cc/40?u=p351', 7, 13, 85, 12, 'pcs', 'Main Warehouse', 2487.64, 1, 1);
INSERT INTO product (product_id, product_name, product_image, brand_id, categories_id, quantity, minStock, unit, store, rate, active, status) VALUES (352, 'Lenovo Router Model-1335', 'https://i.pravatar.cc/40?u=p352', 8, 13, 16, 14, 'pcs', 'Online Fulfillment', 2056.28, 0, 1);
INSERT INTO product (product_id, product_name, product_image, brand_id, categories_id, quantity, minStock, unit, store, rate, active, status) VALUES (353, 'LG Router Model-9265', 'https://i.pravatar.cc/40?u=p353', 5, 13, 118, 12, 'pcs', 'Electronics Dept', 1018.73, 1, 1);
INSERT INTO product (product_id, product_name, product_image, brand_id, categories_id, quantity, minStock, unit, store, rate, active, status) VALUES (354, 'HP Camera Model-8869', 'https://i.pravatar.cc/40?u=p354', 7, 7, 169, 13, 'pcs', 'Main Warehouse', 1709.91, 1, 1);
INSERT INTO product (product_id, product_name, product_image, brand_id, categories_id, quantity, minStock, unit, store, rate, active, status) VALUES (355, 'Samsung Keyboard Model-6593', 'https://i.pravatar.cc/40?u=p355', 2, 10, 52, 16, 'pcs', 'Online Fulfillment', 2038.99, 1, 1);
INSERT INTO product (product_id, product_name, product_image, brand_id, categories_id, quantity, minStock, unit, store, rate, active, status) VALUES (356, 'Bose Projector Model-1647', 'https://i.pravatar.cc/40?u=p356', 10, 14, 182, 12, 'pcs', 'Main Warehouse', 1618.33, 1, 1);
INSERT INTO product (product_id, product_name, product_image, brand_id, categories_id, quantity, minStock, unit, store, rate, active, status) VALUES (357, 'Samsung Hard Drive Model-4340', 'https://i.pravatar.cc/40?u=p357', 2, 15, 140, 15, 'pcs', 'Online Fulfillment', 1982.59, 1, 1);
INSERT INTO product (product_id, product_name, product_image, brand_id, categories_id, quantity, minStock, unit, store, rate, active, status) VALUES (358, 'Xiaomi Projector Model-9791', 'https://i.pravatar.cc/40?u=p358', 6, 14, 169, 10, 'pcs', 'Online Fulfillment', 1982.78, 1, 1);
INSERT INTO product (product_id, product_name, product_image, brand_id, categories_id, quantity, minStock, unit, store, rate, active, status) VALUES (359, 'HP Keyboard Model-2533', 'https://i.pravatar.cc/40?u=p359', 7, 10, 193, 11, 'pcs', 'Main Warehouse', 131.78, 1, 1);
INSERT INTO product (product_id, product_name, product_image, brand_id, categories_id, quantity, minStock, unit, store, rate, active, status) VALUES (360, 'HP Mouse Model-3746', 'https://i.pravatar.cc/40?u=p360', 7, 11, 23, 10, 'pcs', 'Main Warehouse', 2110.15, 0, 1);
INSERT INTO product (product_id, product_name, product_image, brand_id, categories_id, quantity, minStock, unit, store, rate, active, status) VALUES (361, 'Lenovo Hard Drive Model-8408', 'https://i.pravatar.cc/40?u=p361', 8, 15, 59, 13, 'pcs', 'City Center Store', 1041.51, 1, 1);
INSERT INTO product (product_id, product_name, product_image, brand_id, categories_id, quantity, minStock, unit, store, rate, active, status) VALUES (362, 'Dell Hard Drive Model-5626', 'https://i.pravatar.cc/40?u=p362', 4, 15, 70, 14, 'pcs', 'Main Warehouse', 1339.99, 1, 1);
INSERT INTO product (product_id, product_name, product_image, brand_id, categories_id, quantity, minStock, unit, store, rate, active, status) VALUES (363, 'LG Hard Drive Model-5163', 'https://i.pravatar.cc/40?u=p363', 5, 15, 68, 11, 'pcs', 'District 7 Depot', 811.17, 1, 1);
INSERT INTO product (product_id, product_name, product_image, brand_id, categories_id, quantity, minStock, unit, store, rate, active, status) VALUES (364, 'Bose Monitor Model-3543', 'https://i.pravatar.cc/40?u=p364', 10, 9, 18, 14, 'pcs', 'District 7 Depot', 232.06, 0, 1);
INSERT INTO product (product_id, product_name, product_image, brand_id, categories_id, quantity, minStock, unit, store, rate, active, status) VALUES (365, 'Asus Speaker Model-5231', 'https://i.pravatar.cc/40?u=p365', 9, 12, 85, 11, 'pcs', 'Electronics Dept', 1099.98, 1, 1);
INSERT INTO product (product_id, product_name, product_image, brand_id, categories_id, quantity, minStock, unit, store, rate, active, status) VALUES (366, 'HP Speaker Model-2035', 'https://i.pravatar.cc/40?u=p366', 7, 12, 29, 10, 'pcs', 'Online Fulfillment', 762.61, 1, 1);
INSERT INTO product (product_id, product_name, product_image, brand_id, categories_id, quantity, minStock, unit, store, rate, active, status) VALUES (367, 'LG Speaker Model-1845', 'https://i.pravatar.cc/40?u=p367', 5, 12, 110, 18, 'pcs', 'Online Fulfillment', 428.32, 1, 1);
INSERT INTO product (product_id, product_name, product_image, brand_id, categories_id, quantity, minStock, unit, store, rate, active, status) VALUES (368, 'Asus Mouse Model-8748', 'https://i.pravatar.cc/40?u=p368', 9, 11, 98, 9, 'pcs', 'City Center Store', 944.37, 1, 1);
INSERT INTO product (product_id, product_name, product_image, brand_id, categories_id, quantity, minStock, unit, store, rate, active, status) VALUES (369, 'HP Tablet Model-5793', 'https://i.pravatar.cc/40?u=p369', 7, 6, 12, 6, 'pcs', 'District 7 Depot', 1494.61, 0, 1);
INSERT INTO product (product_id, product_name, product_image, brand_id, categories_id, quantity, minStock, unit, store, rate, active, status) VALUES (370, 'Bose Keyboard Model-3983', 'https://i.pravatar.cc/40?u=p370', 10, 10, 126, 6, 'pcs', 'Main Warehouse', 2110.36, 1, 1);
INSERT INTO product (product_id, product_name, product_image, brand_id, categories_id, quantity, minStock, unit, store, rate, active, status) VALUES (371, 'Samsung Headphones Model-1065', 'https://i.pravatar.cc/40?u=p371', 2, 3, 109, 17, 'pcs', 'Electronics Dept', 2314.54, 1, 1);
INSERT INTO product (product_id, product_name, product_image, brand_id, categories_id, quantity, minStock, unit, store, rate, active, status) VALUES (372, 'Apple Mouse Model-5893', 'https://i.pravatar.cc/40?u=p372', 1, 11, 108, 13, 'pcs', 'Electronics Dept', 1032.55, 0, 1);
INSERT INTO product (product_id, product_name, product_image, brand_id, categories_id, quantity, minStock, unit, store, rate, active, status) VALUES (373, 'Dell Smartphone Model-1910', 'https://i.pravatar.cc/40?u=p373', 4, 1, 25, 15, 'pcs', 'District 7 Depot', 1476.32, 1, 1);
INSERT INTO product (product_id, product_name, product_image, brand_id, categories_id, quantity, minStock, unit, store, rate, active, status) VALUES (374, 'Bose Hard Drive Model-5683', 'https://i.pravatar.cc/40?u=p374', 10, 15, 34, 10, 'pcs', 'City Center Store', 1331.42, 1, 1);
INSERT INTO product (product_id, product_name, product_image, brand_id, categories_id, quantity, minStock, unit, store, rate, active, status) VALUES (375, 'HP Laptop Model-3486', 'https.pravatar.cc/40?u=p375', 7, 2, 19, 17, 'pcs', 'District 7 Depot', 892.48, 1, 1);
INSERT INTO product (product_id, product_name, product_image, brand_id, categories_id, quantity, minStock, unit, store, rate, active, status) VALUES (376, 'Sony Smartphone Model-1901', 'https://i.pravatar.cc/40?u=p376', 3, 1, 103, 10, 'pcs', 'District 7 Depot', 1868.51, 1, 1);
INSERT INTO product (product_id, product_name, product_image, brand_id, categories_id, quantity, minStock, unit, store, rate, active, status) VALUES (377, 'Bose Laptop Model-2780', 'https://i.pravatar.cc/40?u=p377', 10, 2, 77, 8, 'pcs', 'District 7 Depot', 1211.33, 1, 1);
INSERT INTO product (product_id, product_name, product_image, brand_id, categories_id, quantity, minStock, unit, store, rate, active, status) VALUES (378, 'Samsung Monitor Model-4629', 'https://i.pravatar.cc/40?u=p378', 2, 9, 23, 18, 'pcs', 'District 7 Depot', 1038.56, 1, 1);
INSERT INTO product (product_id, product_name, product_image, brand_id, categories_id, quantity, minStock, unit, store, rate, active, status) VALUES (379, 'Sony Keyboard Model-4648', 'https://i.pravatar.cc/40?u=p379', 3, 10, 11, 8, 'pcs', 'Online Fulfillment', 1133.40, 0, 1);
INSERT INTO product (product_id, product_name, product_image, brand_id, categories_id, quantity, minStock, unit, store, rate, active, status) VALUES (380, 'Dell Tablet Model-9964', 'https://i.pravatar.cc/40?u=p380', 4, 6, 12, 11, 'pcs', 'Online Fulfillment', 171.18, 1, 1);
INSERT INTO product (product_id, product_name, product_image, brand_id, categories_id, quantity, minStock, unit, store, rate, active, status) VALUES (381, 'HP Tablet Model-5942', 'https://i.pravatar.cc/40?u=p381', 7, 6, 178, 14, 'pcs', 'City Center Store', 1051.89, 1, 1);
INSERT INTO product (product_id, product_name, product_image, brand_id, categories_id, quantity, minStock, unit, store, rate, active, status) VALUES (382, 'Samsung Mouse Model-3155', 'https://i.pravatar.cc/40?u=p382', 2, 11, 108, 11, 'pcs', 'Electronics Dept', 2362.19, 1, 1);
INSERT INTO product (product_id, product_name, product_image, brand_id, categories_id, quantity, minStock, unit, store, rate, active, status) VALUES (383, 'Bose Router Model-6891', 'https://i.pravatar.cc/40?u=p383', 10, 13, 107, 16, 'pcs', 'Main Warehouse', 183.94, 0, 1);
INSERT INTO product (product_id, product_name, product_image, brand_id, categories_id, quantity, minStock, unit, store, rate, active, status) VALUES (384, 'HP Speaker Model-2051', 'https://i.pravatar.cc/40?u=p384', 7, 12, 186, 6, 'pcs', 'Electronics Dept', 1475.29, 0, 1);
INSERT INTO product (product_id, product_name, product_image, brand_id, categories_id, quantity, minStock, unit, store, rate, active, status) VALUES (385, 'Asus Printer Model-7832', 'https://i.pravatar.cc/40?u=p385', 9, 8, 194, 19, 'pcs', 'Online Fulfillment', 1600.56, 1, 1);
INSERT INTO product (product_id, product_name, product_image, brand_id, categories_id, quantity, minStock, unit, store, rate, active, status) VALUES (386, 'Xiaomi Hard Drive Model-6785', 'https://i.pravatar.cc/40?u=p386', 6, 15, 78, 17, 'pcs', 'Online Fulfillment', 248.87, 0, 1);
INSERT INTO product (product_id, product_name, product_image, brand_id, categories_id, quantity, minStock, unit, store, rate, active, status) VALUES (387, 'LG Camera Model-4663', 'https://i.pravatar.cc/40?u=p387', 5, 7, 19, 14, 'pcs', 'Online Fulfillment', 2383.08, 1, 1);
INSERT INTO product (product_id, product_name, product_image, brand_id, categories_id, quantity, minStock, unit, store, rate, active, status) VALUES (388, 'Samsung Television Model-4899', 'https://i.pravatar.cc/40?u=p388', 2, 4, 39, 16, 'pcs', 'District 7 Depot', 1823.10, 0, 1);
INSERT INTO product (product_id, product_name, product_image, brand_id, categories_id, quantity, minStock, unit, store, rate, active, status) VALUES (389, 'Xiaomi Speaker Model-2270', 'https://i.pravatar.cc/40?u=p389', 6, 12, 161, 10, 'pcs', 'Electronics Dept', 2404.14, 1, 1);
INSERT INTO product (product_id, product_name, product_image, brand_id, categories_id, quantity, minStock, unit, store, rate, active, status) VALUES (390, 'Dell Television Model-1065', 'https://i.pravatar.cc/40?u=p390', 4, 4, 52, 13, 'pcs', 'City Center Store', 2147.24, 0, 1);
INSERT INTO product (product_id, product_name, product_image, brand_id, categories_id, quantity, minStock, unit, store, rate, active, status) VALUES (391, 'LG Printer Model-4869', 'https://i.pravatar.cc/40?u=p391', 5, 8, 172, 10, 'pcs', 'Online Fulfillment', 2143.19, 0, 1);
INSERT INTO product (product_id, product_name, product_image, brand_id, categories_id, quantity, minStock, unit, store, rate, active, status) VALUES (392, 'Samsung Hard Drive Model-2357', 'https://i.pravatar.cc/40?u=p392', 2, 15, 135, 12, 'pcs', 'Electronics Dept', 1045.19, 0, 1);
INSERT INTO product (product_id, product_name, product_image, brand_id, categories_id, quantity, minStock, unit, store, rate, active, status) VALUES (393, 'Lenovo Monitor Model-4632', 'https://i.pravatar.cc/40?u=p393', 8, 9, 81, 19, 'pcs', 'District 7 Depot', 178.69, 1, 1);
INSERT INTO product (product_id, product_name, product_image, brand_id, categories_id, quantity, minStock, unit, store, rate, active, status) VALUES (394, 'Dell Camera Model-1358', 'https://i.pravatar.cc/40?u=p394', 4, 7, 86, 17, 'pcs', 'Electronics Dept', 2404.97, 1, 1);
INSERT INTO product (product_id, product_name, product_image, brand_id, categories_id, quantity, minStock, unit, store, rate, active, status) VALUES (395, 'LG Television Model-9418', 'https://i.pravatar.cc/40?u=p395', 5, 4, 131, 13, 'pcs', 'Main Warehouse', 376.84, 1, 1);
INSERT INTO product (product_id, product_name, product_image, brand_id, categories_id, quantity, minStock, unit, store, rate, active, status) VALUES (396, 'HP Hard Drive Model-1912', 'https://i.pravatar.cc/40?u=p396', 7, 15, 178, 5, 'pcs', 'Online Fulfillment', 1563.85, 1, 1);
INSERT INTO product (product_id, product_name, product_image, brand_id, categories_id, quantity, minStock, unit, store, rate, active, status) VALUES (397, 'Xiaomi Headphones Model-4632', 'https://i.pravatar.cc/40?u=p397', 6, 3, 114, 16, 'pcs', 'Electronics Dept', 1836.21, 1, 1);
INSERT INTO product (product_id, product_name, product_image, brand_id, categories_id, quantity, minStock, unit, store, rate, active, status) VALUES (398, 'Samsung Printer Model-3760', 'https://i.pravatar.cc/40?u=p398', 2, 8, 115, 7, 'pcs', 'Online Fulfillment', 186.20, 1, 1);
INSERT INTO product (product_id, product_name, product_image, brand_id, categories_id, quantity, minStock, unit, store, rate, active, status) VALUES (399, 'Sony Headphones Model-6261', 'https://i.pravatar.cc/40?u=p399', 3, 3, 192, 19, 'pcs', 'District 7 Depot', 1893.30, 0, 1);
INSERT INTO product (product_id, product_name, product_image, brand_id, categories_id, quantity, minStock, unit, store, rate, active, status) VALUES (400, 'Dell Monitor Model-4638', 'https://i.pravatar.cc/40?u=p400', 4, 9, 39, 14, 'pcs', 'City Center Store', 167.31, 0, 1);

SET FOREIGN_KEY_CHECKS = 1;
